INSERT INTO Persone(CF, Nome, Cognome, Data_di_nascita, Eta, Sesso, Telefono, Residenza) values
('LMBSRN87P16L103O', 'Severino', 'Lombardi', '1987-09-16', 35, 'M', '335 9180284', 'Stradone Antonio Provolo, 75'),
('BCCGNR96L01H501X', 'Gennaro', 'Bucchio', '1996-07-01', 26, 'M', '398 7542801', 'Via Longhena, 138'),
('ZTTSRG03C27L781W', 'Eustorgio', 'Zetticci', '2003-03-27', 20, 'M', '376 6039295', 'Via Rocca de Baldi, 62'),
('PLRDNS57S53L750L', 'Dionisia', 'Palerma', '1957-11-13', 65, 'F', '330 7695746', 'Piazza San Carlo, 13'),
('PDVLVE80A01F257P', 'Elvio', 'Padovano', '1980-01-01', 43, 'M', '332 0011903', 'Piazza Bovio, 91'),
('MNFSNN66H04H703R', 'Susanna', 'Manfrin', '1966-06-04', 56, 'F', '349 0545477', 'Via Rosmini, 122'),
('CLMDND91A44L331N', 'Adelinda', 'Colombo', '1991-01-04', 32, 'F', '355 4724570', 'Via del Pontiere, 7'),
('SCLMRC98S08L736Q', 'Merico', 'Siciliani', '1998-11-08', 24, 'M', '370 5010522', 'Via Antonio Cecchi, 99'),
('CSTRNN91S63A479P', 'Arianna', 'Castiglione', '1991-11-23', 31, 'F', '321 6129492', 'Via Roma, 53'),
('RCRRLL95L64A479C', 'Ornella', 'Arcuri', '1995-07-24', 27, 'F', '387 3977587', 'Via Roma, 77'),
('FRRMNL88D06I452B', 'Manuel', 'Ferri', '1988-04-06', 35, 'M', '313 3468171', 'Via Carlo Cattaneo, 139'),
('BNOTNZ89L19A859F', 'Terenzio', 'Boni', '1989-07-19', 33, 'M', '359 0482277', 'Strada Statale, 46'),
('MRCMDE05S12E472I', 'Emidio', 'Marcelo', '2005-11-12', 17, 'M', '389 6242936', 'Piazza Garibaldi, 146'),
('PLRCRO91A44F205B', 'Cora', 'Palerma', '1991-01-04', 32, 'F', '310 7756261', 'Via Palermo, 43'),
('SPSLSA84T50F205Y', 'Alosia', 'Esposito', '1984-12-10', 38, 'F', '363 1587822', 'Via Nazario Sauro, 44'),
('GRCPRN01P30A944M', 'Pierino', 'Greece', '2001-09-30', 21, 'M', '392 6785009', 'Via Vicenza, 86'),
('LCCLRC81B28D612T', 'Learco', 'Lucciano', '1981-02-28', 42, 'M', '346 9925054', 'Via Nuova Agnano, 30'),
('FRNCSP83A07G388D', 'Crispino', 'Fiorentino', '1983-01-07', 40, 'M', '348 5360483', 'Vico Giganti, 121'),
('CTTMRA82R68A859B', 'Maria', 'Cattaneo', '1982-10-28', 40, 'F', '322 0137045', 'Strada Statale, 87'),
('CRAFFN65T31H620M', 'Affiano', 'Acuri', '1965-12-31', 57, 'M', '334 4288868', 'Via Valpantena, 25'),
('CTTLBR86H15D810Q', 'Libero', 'Cattaneo', '1986-06-15', 36, 'M', '387 0334927', 'Corso Garibaldi, 121'),
('PGLGLN89T07H282Q', 'Gianleone', 'Pugliesi', '1989-12-07', 39, 'M', '366 8822817', 'Via Goffredo Mameli, 3'),
('TRVLEI88R20I829B', 'Elio', 'Trevisan', '1988-10-20', 34, 'M', '397 1300864', 'Strada Bresciana, 12'),
('FRRGNN64H06L378Q', 'Ferri', 'Gianni', '1964-06-06', 58, 'M', '392 6322066', 'Via Torricelli, 84'),
('TSCLTR00H18D205I', 'Eleuterio', 'Toscano', '2000-06-18', 22, 'M', '314 3564545', 'Via Bernardino Rota, 9'),
('FRNGRR87A11B354B', 'Gherardo', 'Fiorentino', '1987-01-11', 36, 'M', '367 6657501', 'Via del Viminale, 25'),
('GNVBGN98E19L331S', 'Benigno', 'Genovesi', '1998-05-19', 25, 'M', '344 0497530', 'Vicolo Calcirelli, 24'),
('MNFLVS59T46D643L', 'Alvisa', 'Manfrin', '1959-12-06', 63, 'F', '350 1417337', 'Via Nuova Agnano, 29'),
('FRRTNQ88A61L483G', 'Tranquillina', 'Ferri', '1988-01-21', 35, 'F', '360 1341593', 'Via Sacchi, 85'),
('CCCRSN00D10L407X', 'Arsenio', 'Cocci', '2000-04-10', 23, 'M', '382 8164759', 'Vicolo Tre Marchetti, 14'),
('MRCGCM72M30D612Y', 'Giacomo', 'Marchesi', '1972-09-30', 39, 'M', '371 4503979', 'Via Nuova Agnano, 115'),
('CNTCML86C71G388K', 'Camelia', 'Conti', '1986-03-31', 37, 'F', '314 7482281', 'Via Alessandro Manzoni, 54'),
('ZTILNI92H68D205E', 'Ilenia', 'Zito', '1992-06-28', 39, 'F', '334 6184982', 'Piazza Trieste e Trento, 103'),
('SPSMNL94M21G478M', 'Manuel', 'Esposito', '1994-08-21', 28, 'M', '320 8126713', 'Via Tasso, 84'),
('TRVFNC80A41F205L', 'Francesca', 'Trevisan', '1968-08-09', 54, 'F', '366 3868639', 'Via San Pietro Ad Aram, 104');

INSERT INTO Tariffario(Codice, Prezzo, Tipologia, Descrizione) values
(258, 500, 'Annuale', NULL),
(459, 320, 'Semestrale', NULL),
(828, 180, 'Trimestrale', NULL),
(276, 65, 'Mensile', NULL),
(673, 70, '10 entrate', 'Aventi validità 7 mesi'),
(387, 45, '6 entrate','Aventi validità 4 mesi');


Insert into Contratti(Cognome, Nome, CF, Data_di_nascita, Eta, Indirizzo, Telefono, Email, Tipologia_contratto, Data_assunzione, Scadenza_contratto, Stipendio) values
('Mancini','Emilia','MNCMLE72L56A182I', '1972-07-16', 50, 'Via Acrone, 101', '386 7892835', 'EmiliaMancini@armyspy.com','Chiamata', '2020-05-03', '2020-09-30', 1600),
('Toscano','Nino', 'TSCNNI66L11G942K', '1966-07-11', 56, 'Discesa Gaiola, 83', '317 9183145', 'NinoToscano@teleworm.us', 'Tempo indeterminato', '2020-01-10', NULL, 1800),
('Cattaneo', 'Affiano', 'CTTFFN88T15H703Z', '1988-12-15', 34, 'Vicolo Cieco Fondachetto, 139', '377 5167345', 'AffianoCattaneo@teleworm.us', 'Tempo indeterminato', '2015-05-27', NULL, 1600),
('Udinese', 'Benigna', 'DNSBGN61D65D810X', '1961-04-25', 62, 'Corso Garibaldi, 121', '321 9963880', 'BenignaUdinese@dayrep.com', 'Tempo determinato', '2017-01-01', '2017-12-22', 1200),
('Padovesi', 'Alfonso', 'PDVLNS92R29D150Y', '1992-10-29', 30, 'Via Alfredo Fusco, 26', '325 3217653', 'AlfonsoPadovesi@teleworm.us', 'Collaborazione sportiva', '2012-04-05', '2020-07-15', 1500),
('Ferri', 'Placido', 'FRRPCD89L01I829N', '1989-07-01', 33, 'Strada Bresciana, 96', '368 8220520', 'PlacidoFerri@armyspy.com', 'Collaborazione sportiva', '2015-07-02', '2024-07-03', 1300),
('Trentino', 'Terzo', 'TRNTRZ01M01F979V', '2001-08-01', 21, 'Corso Novara, 105', '342 2856941', 'TerzoTrentino@dayrep.com', 'Collaborazione sportiva', '2023-01-27', '2024-01-30', 1000),
('Nucci', 'Azzurra', 'NCCZRR87D58F158H', '1987-04-18', 36, 'Via Antonio da Legnago, 32', '376 2450140', 'AzzurraNucci@rhyta.com', 'Collaborazione sportiva', '2012-06-05', '2026-05-31', 1600),
('Padovano', 'Berenice', 'PDVBNC02S49A952G', '2002-11-09', 20, 'Via Nazionale, 38', '375 1190379', 'BerenicePadovano@dayrep.com', 'Collaborazione sportiva', '2023-01-27', '2024-01-30', 1000),
('Li Fonti', 'Bruto', 'LFNBRT68A01G273C', '1968-01-01', 55, 'Via Genova, 27', '371 1928051', 'BrutoLiFonti@jourrapide.com', 'Tempo determinato', '2020-05-15', '2021-05-15', 900),
('Conti', 'Diego', 'CNTDGI53A11F158B', '1953-01-11', 70, 'Via Giulio Camuzzoni, 104', '360 0577971', 'DiegoConti@teleworm.us', 'Tempo indeterminato', '2012-02-14', NULL, 1400),
('Cattaneo', 'Rina', 'CTTRNI92A49F839Y', '1992-01-09', 31, 'Via Guantai Nuovi, 138', '356 2358346', 'RinaCattaneo@armyspy.com', 'Tempo indeterminato', '2016-06-07', NULL, 1200),
('Davide', 'Susanna', 'DVDSNN04D53A859Z', '2004-04-13', 19, 'Strada Statale, 4', '352 6838179', 'SusannaDavide@teleworm.us', 'Stagista', '2023-01-15', '2023-07-15', 600),
('Mazzi', 'Anastasio', 'MZZNTS44T27F205Y', '1944-12-27', 78, 'Via Palermo, 133', '375 3947035', 'AnastasioMazzi@armyspy.com', 'Tempo indeterminato', '2010-01-01', NULL, 2500),
('Milani', 'Gabriella', 'MLNGRL80P65A390C', '1980-09-25', 42, 'Via del Caggio, 90', '345 0118108', 'GabriellaMilani@jourrapide.com', 'Tempo indeterminato', '2012-04-05', NULL, 1900),
('Di Pietro', 'Gabriele', 'DPTGRL91S11F158V', '1991-11-11', 31, 'Via Belviglieri, 102', '375 6698380', 'GabrieleDiPietro@dayrep.com', 'Tempo indeterminato', '2012-04-28', NULL, 700);


INSERT INTO Lavoratori(Matricola, Mansione, Turno_settimanale) VALUES
(11,'Impiegato','8.00-17.00'), 
(12,'Impiegato','8.00-17.00'), 
(13,'Impiegato','9.00-18.00'),
(14,'Direttore',NULL), 
(15,'Segretaria','9.00-18.00'), 
(16,'Bidello','9.00-18.00');

INSERT INTO Iscritto(ID_iscritto,tip_abbonamento, Data_inizio,Scadenza) VALUES
(1,'258','2022-09-08','2023-09-08'),
(2,'258','2022-12-15','2023-12-05'),
(3,'258','2022-06-10','2023-06-10'),
(5,'276','2023-06-04','2023-07-04'),
(4,'459','2023-02-14','2023-07-14'),
(6,'673','2023-01-25','2023-06-25'),
(8,'828','2023-02-28','2024-02-28'),
(7,'673','2023-04-05','2023-10-05'),
(17,'276','2023-05-16','2023-06-16'),
(19,'459','2023-06-15','2023-12-15'),
(20,'258','2022-09-07','2023-09-07'),
(21,'828','2023-05-18','2023-07-18'),
(22,'673','2023-01-05','2023-07-05'),
(11,'387','2023-05-04','2023-08-04'),
(25,'673','2023-02-15','2023-08-15'),
(15,'258','2022-07-02','2023-07-02'),
(16,'459','2023-04-19','2023-10-19'),
(14,'459','2023-05-02','2023-10-02'),
(31,'673','2023-06-05','2023-12-05'),
(34,'828','2022-09-08','2023-09-08'),
(35,'828','2022-10-01','2023-10-01'),
(30,'258','2022-09-05','2023-09-05'),
(32,'387','2023-03-06','2023-06-06'),
(9,'387','2023-04-12','2023-07-12');

INSERT INTO Professionisti(Matricola, Titolo_di_studio, Certificazione, Servizio) VALUES
(1,'Biologo nutrizionista','Master in alimentazione sportiva','Piani alimentari'), 
(2,'Fisioterapista','Certificato di osteopatia','Trattamento manuale'), 
(3,'Medicina sportiva',NULL,'Visite mediche');

INSERT INTO Prestazioni (ID_professionista, Tipologia, Costo) VALUES
(2,'Seduta osteopaitca','50'),
(1,'Piano alimentare','80'),
(3,'Visita medica agonistica','75'),
(3,'Visita medica','50'),
(2,'Fisioterapia','60');

INSERT INTO Istruttori (Matricola, Mansione, Diploma, Certificazione) VALUES 
(6,'Allenatore','Istruttore di nuoto','BLSD'),
(7,'Alenatore','Istruttore di sub, II livello','Assistente bagnanti'),
(8,'Aiuto-allenatore','Istruttore sub, base','BLSD'),
(9,'Aiuto-allenatore','Istruttore nuoto sincronizzato','BLS');

INSERT INTO Usufruisce (ID_prestazione, ID_iscritto, Data, Orario, Ambulatorio) VALUES
(3,4,'2023-07-02','15:00','A1'), 
(2,7,'2023-06-30','16:30','A2'), 
(1,19,'2023-05-31','14:00','A1'), 
(4,11,'2023-05-22','13:30','A1'), 
(5,34,'2023-05-07','14:30','A1'), 
(5,32,'2023-05-07','15:10','A1'), 
(3,9,'2023-05-06','10:30','A1'), 
(2,14,'2023-02-18','9:00','A2'), 
(2,1,'2023-01-05','11:00','A2'); 

Insert into Corsi(Responsabile, Tipologia, Edificio) values
(6, 'Nuoto', 'Vasca 1'),
(6, 'Nuoto_bambini', 'Vasca 3'),
(7, 'Apnea', 'Vasca 2'),
(6, 'PallaNuoto', 'Vasca 3'),
(6, 'PallaNuoto_bambini', 'Vasca 3'),
(7, 'Acquagym', 'Vasca 3'),
(6, 'Sincronizzato', 'Vasca 1'),
(7, 'Tuffi', 'Vasca 2'),
(7, 'SUB', 'Vasca 2'),
(Null, 'Nuoto_libero', 'Vasca 1'); 


INSERT INTO Frequenta(ID_iscritto, ID_attività) VALUES 
('1','1'),
('2','6'),
('3','3'),
('4','3'),('4','10'),
('5','4'),
('6','1'),('6','8'),
('7','4'),
('8','7'),
('9','7'),
('11','7'),('11','10'),
('14','8'),
('15','8'),
('16','3'),
('17','4'),('17','3'),
('19','9'),
('20','1'),
('21','8'),
('22','4'),('22','10'),
('25','9'),
('30','4'),
('31','9'),('31','10'),
('32','6'),
('34','6'),
('35','8'),('35','10');

INSERT INTO Orari(ID_attivita, Giorno, orario_inizio, orario_fine) VALUES
(1,'Lunedì','20:00','21:00'),(1,'Lunedì','9:00','10:00'),
(2,'Lunedì','16:00','17:00'),
(3,'Lunedì','18:30','20:00'),(3,'Lunedì','11:00','12:30'),
(4,'Martedì','20:30','22:00'),
(5,'Martedì','16:00','17:00'),
(6,'Martedì','18:00','19:00'),(6,'Martedì','9:00','10:00'),
(7,'Lunedì','18:30','20:00'),
(8,'Lunedì','20:00','22:00'),
(9,'Mercoledì','20:00','22:00'),
(1,'Giovedì','20:00','21:00'),(1,'Giovedì','9:00','10:00'),
(2,'Giovedì','16:00','17:00'),
(3,'Giovedì','18:30','20:00'),(3,'Giovedì','11:00','12:30'),
(4,'Venerdì','20:30','22:00'),
(5,'Venerdì','16:00','17:00'),
(6,'Venerdì','18:00','19:00'),(6,'Venerdì','9:00','10:00'),
(7,'Giovedì','18:30','20:00'),
(8,'Giovedì','20:00','22:00'),
(9,'Venerdì','20:00','22:00'),
(10,'Lunedì','11:00','18:00'),
(10,'Giovedì','11:00','18:00'),
(10,'Martedì','9:00','22:00'),
(10,'Mercoledì','9:00','22:00'),
(10,'Venerdì','9:00','22:00');

INSERT INTO Eventi(Nome, Luogo, Indirizzo, Data, Orario, Budget) VALUES
('Memorial_Mario_Zanchi', 'Vasca 3','Indoor', '2023-05-07' ,'10:30', '200'),
('Campionato_regionale apnea', 'Y-40','Via Torquato Tasso, 30. Montegrotto terme, Pd', '2022-04-28' ,'8:30', '1000'),
('Dimostrazione_nuoto sincronizzato', 'Vasca 2','Indoor', '2023-01-25' ,'20:30', 0),
('Partita_pallanuoto', 'Oasi 2000','Via Dante Alighieri, 1. Padova ', '2023-07-14' ,'11:00', '500'),
('IRONMAN_70.3', 'Jesolo, Ve','Via Giovanni Giolitti, 20', '2021-09-04' ,'7:00', '2000'),
('Giornata_gioco-nuoto', 'Vasca 3','Indoor', '2022-08-16' ,'10:00', '150'),
('Duathlon_2023', 'Via Rolando,55','Rimini', '2022-05-12' ,'8:00', '700'),
('Campionato_regionale_Tuffi', 'Vasca 1','Indoor', '2023-09-16','9:00', '250');
 
INSERT INTO Sponsor(P_iva, Azienda, Telefono) values
('63722920756','Lorefice&Ponzio_Srl','356 8757084'),
('23172560627','Gioielleria_Duca_Srl','342 5963188'),
('79043300916','New_Truck_Srl','398 7514241'),
('22051770141','I.C.E._Srl','367 5013990'),
('44127690699','Alternativa_Impianti','352 1091782'),
('72680940524','Macelleria_Mosca_Snc','331 0952763'),
('56424590836','Marchiol_Spa','368 1858270'),
('50261720036','Relax_Voyage','335 5839896'),
('73465920541','Maylor_Srls','344 2912949'),
('33203070579','La_Fenice_Srl','326 5068537');

Insert into Corsi(Responsabile, Tipologia, Edificio) values
(6, 'Nuoto', 'Vasca 1'),
(6, 'Nuoto_bambini', 'Vasca 3'),
(7, 'Apnea', 'Vasca 2'),
(6, 'PallaNuoto', 'Vasca 3'),
(6, 'PallaNuoto_bambini', 'Vasca 3'),
(7, 'Acquagym', 'Vasca 3'),
(6, 'Sincronizzato', 'Vasca 1'),
(7, 'Tuffi', 'Vasca 2'),
(7, 'SUB', 'Vasca 2'),
(Null, 'Nuoto_libero', 'Vasca 1'); 

Insert into Organizzazione(ID_evento, Matricola, Responsabile) values
(1,12,14),
(2,12,14),
(2,11,14),
(3,11,12),
(4,13,11),
(5,11,14),(5,12,14),
(5,14,14),
(6,11,11),
(7,11,11),(7,12,11),
(8,12,14),(8,14,14);

Insert into Pubblicizzato(P_iva, ID_evento, Budget_offerto) values
('44127690699', 1, 150),
('22051770141', 2, 600),
('50261720036', 2, 250),
('33203070579', 4, 375),
('63722920756', 5, 400),
('22051770141', 5, 250),
('23172560627', 5, 600),
('33203070579', 5, 380),
('44127690699', 5, 250),
('72680940524', 6, 70),
('44127690699', 7, 500),
('73465920541', 8, 200);

Insert into Insegna(ID_attivita, ID_istruttori) values
(1,6),(1,9),
(2,9),
(3,7),
(4,6),
(5,6),(5,9),
(6,8),
(7,6),
(8,7),(8,8),
(9,7),(9,8);
